filename,augmentation,duration,sample_rate,mfcc_1_mean,mfcc_1_std,mfcc_2_mean,mfcc_2_std,mfcc_3_mean,mfcc_3_std,mfcc_4_mean,mfcc_4_std,mfcc_5_mean,mfcc_5_std,mfcc_6_mean,mfcc_6_std,mfcc_7_mean,mfcc_7_std,mfcc_8_mean,mfcc_8_std,mfcc_9_mean,mfcc_9_std,mfcc_10_mean,mfcc_10_std,mfcc_11_mean,mfcc_11_std,mfcc_12_mean,mfcc_12_std,mfcc_13_mean,mfcc_13_std,spectral_rolloff_mean,spectral_rolloff_std,energy_mean,energy_std,zero_crossing_rate,spectral_centroid
Antony_Voice 1_original.wav,original,3.7533333333333334,48000,-520.9768676757812,79.45133972167969,123.3521957397461,49.93914031982422,47.812461853027344,20.820369720458984,16.34992790222168,24.604379653930664,-9.564922332763672,25.574777603149414,1.7991596460342407,10.272956848144531,1.0582720041275024,12.135712623596191,-14.183353424072266,6.979930400848389,-18.209566116333008,9.56165599822998,-5.386537075042725,11.795222282409668,-3.585902214050293,11.664146423339844,2.9504282474517822,6.411003589630127,-0.5232554078102112,8.192502975463867,3835.4270241477275,2894.852185241125,0.010862109,0.020377852,0.04617725719105114,2422.4007240422525
Antony_Voice 1_pitch_up.wav,pitch_shift_+2,3.7533333333333334,48000,-553.1193237304688,82.5352554321289,123.2360610961914,50.62406539916992,43.40568161010742,19.46441078186035,8.675905227661133,23.342004776000977,-12.830931663513184,25.95146369934082,1.7990349531173706,11.894759178161621,-4.735330581665039,10.10914134979248,-18.369600296020508,8.393665313720703,-11.915414810180664,10.101030349731445,0.5643263459205627,8.111255645751953,-0.6770954132080078,14.146444320678711,3.9241645336151123,11.349138259887695,-6.217394828796387,8.4031982421875,4535.422585227273,3236.9948210495527,0.007569492,0.014304623,0.054025823419744316,2743.752061425199
Antony_Voice 1_pitch_down.wav,pitch_shift_-2,3.7533333333333334,48000,-558.8079833984375,75.53313446044922,112.33615112304688,48.634315490722656,48.425174713134766,22.434886932373047,24.240520477294922,27.033716201782227,-4.32390022277832,23.324281692504883,1.3346130847930908,13.742568016052246,6.354759216308594,12.1228609085083,-5.569141864776611,8.67043685913086,-17.456518173217773,8.932104110717773,-10.560434341430664,11.574217796325684,-6.716517925262451,7.108935832977295,-2.1350746154785156,10.988114356994629,5.374507904052734,9.771758079528809,3702.9918323863635,2605.97068890753,0.007240543,0.01368691,0.04547812721946023,2225.9290883268714
Antony_Voice 1_faster.wav,time_stretch_1.2x,3.1277708333333334,48000,-575.5219116210938,86.9680404663086,137.06993103027344,49.03791809082031,45.18109893798828,22.106164932250977,15.161016464233398,26.055463790893555,-10.732939720153809,26.961944580078125,3.4119882583618164,10.92540168762207,1.8064466714859009,12.074399948120117,-14.435600280761719,7.65287446975708,-18.51821517944336,10.345568656921387,-3.3659915924072266,12.043763160705566,-3.028160810470581,13.396512985229492,3.6685516834259033,6.771740436553955,-0.3553965091705322,8.666695594787598,4027.5829081632655,2899.651774617877,0.007085719,0.012412188,0.04678531568877551,2451.7471565832043
Antony_Voice 1_slower.wav,time_stretch_0.8x,4.691666666666666,48000,-548.9749755859375,76.25896453857422,112.2818603515625,49.266334533691406,46.826656341552734,19.595714569091797,18.27345848083496,24.064743041992188,-8.113677024841309,25.86215591430664,0.7844182848930359,10.93879222869873,-0.005172313190996647,12.331145286560059,-14.109411239624023,6.905066967010498,-17.450611114501953,9.396102905273438,-5.515064716339111,11.168975830078125,-3.9530723094940186,11.558306694030762,2.8474771976470947,5.794464588165283,-0.012685568071901798,8.640951156616211,3905.1136363636365,2913.8781942621727,0.007150989,0.013598935,0.04808238636363636,2438.945629416836
Antony_Voice 1_noisy.wav,background_noise,3.7533333333333334,48000,-326.7931756214948,36.08219817113969,25.383004565225942,36.226818637360516,18.02121655798308,15.406245006397883,10.532387491924938,14.212468362014016,0.3546074448220977,12.211035110189103,-1.0223771754671012,8.132198332741693,-2.546461767723428,7.298687141001221,-7.109898653201779,5.941712206427917,-7.284921545303322,6.6469598012787054,-5.2828628094058665,6.6878509926072915,-5.541253237982036,6.154368200218461,-2.694195337946028,4.538052857055374,-0.9210753262844878,6.206031104555326,19090.176669034092,2739.4903628396987,0.013567844,0.019317294,0.3841580477627841,10489.385366786091
Antony_Voice 2_original.wav,original,3.796,48000,-508.2091369628906,92.3677978515625,135.6489715576172,56.1875114440918,36.79218673706055,27.915037155151367,27.400835037231445,21.407514572143555,-3.7134814262390137,20.8338623046875,-13.308349609375,17.480224609375,1.5055283308029175,9.862979888916016,5.044371128082275,11.616288185119629,-8.942220687866211,9.028790473937988,-10.076756477355957,9.91651439666748,-0.20744512975215912,11.199077606201172,5.629397869110107,10.48595142364502,-3.1970272064208984,10.533576011657715,5071.51948735955,3648.3234606518554,0.015074079,0.027029078,0.04835767424508427,2619.1022084653778
Antony_Voice 2_pitch_up.wav,pitch_shift_+2,3.796,48000,-536.1832275390625,94.8501205444336,130.28831481933594,55.880149841308594,34.250301361083984,25.355228424072266,20.919422149658203,20.903005599975586,-12.152552604675293,23.452362060546875,-12.793085098266602,15.324238777160645,4.329316139221191,9.257100105285645,-1.0767319202423096,10.198638916015625,-13.157308578491211,10.727249145507812,-5.612277030944824,10.98411750793457,5.160111904144287,10.938838958740234,3.5016489028930664,9.5931978225708,0.0017279292223975062,9.335399627685547,5808.418188202248,4239.300878866702,0.010628006,0.018558482,0.05772554204705056,2966.872500679963
Antony_Voice 2_pitch_down.wav,pitch_shift_-2,3.796,48000,-549.86181640625,89.98383331298828,130.6674041748047,54.66077423095703,38.100181579589844,29.611970901489258,33.063453674316406,22.780616760253906,4.258082866668701,18.028959274291992,-12.853035926818848,19.221845626831055,-3.1263856887817383,11.612324714660645,7.3866047859191895,11.508867263793945,-3.183133602142334,8.727156639099121,-10.639678955078125,8.112360954284668,-6.894103527069092,8.92210578918457,3.5704586505889893,11.774374008178711,0.35268616676330566,10.202912330627441,4608.62886235955,3320.8701911228973,0.010356219,0.017988216,0.04546227615870786,2338.770325094692
Antony_Voice 2_faster.wav,time_stretch_1.2x,3.1633333333333336,48000,-539.6919555664062,90.91021728515625,129.9340057373047,53.9948844909668,36.61438751220703,26.68562889099121,26.703231811523438,21.942399978637695,-5.222042083740234,20.52674102783203,-14.579449653625488,18.259105682373047,1.399263858795166,10.091114044189453,5.783008098602295,11.26739501953125,-7.962555408477783,9.123566627502441,-8.977754592895508,10.085993766784668,0.06442815810441971,11.166707992553711,5.09798002243042,10.740493774414062,-3.0711920261383057,11.73005199432373,5084.122474747474,3673.6715913388393,0.009803578,0.017230153,0.048341487794612795,2612.0402858808375
Antony_Voice 2_slower.wav,time_stretch_0.8x,4.745,48000,-543.1760864257812,92.00218963623047,128.77317810058594,55.479007720947266,36.5167350769043,27.125110626220703,27.37457847595215,22.283191680908203,-4.685266017913818,20.617809295654297,-14.281484603881836,17.854551315307617,1.0237845182418823,9.143929481506348,4.454191207885742,12.244296073913574,-9.458221435546875,9.138525009155273,-9.878131866455078,9.9225435256958,-0.21253497898578644,10.9779052734375,4.980706691741943,10.238565444946289,-3.049726724624634,10.874549865722656,5281.443117977528,3769.3548013167065,0.009851046,0.017593335,0.05382395540730337,2703.7835788029633
Antony_Voice 2_noisy.wav,background_noise,3.796,48000,-319.7195941787537,42.37856554592367,34.80205532845236,45.612845278407114,22.34434550119048,24.59757734895485,12.980723664864497,12.41952015010869,1.2102978869562329,10.736854654946942,-4.483192967227608,12.84407025583178,-1.418123930049274,6.882905895912566,-0.6320416342636603,5.418782477584948,-3.470109783362152,5.966303194572368,-3.9668190368472476,6.326578837763694,-2.438771178099718,6.726905446551617,-1.4050230814529763,6.473121034182555,0.017258141227597244,6.065295984109285,18459.20382724719,3655.413441168696,0.017699355,0.025865426,0.3551615168539326,9898.185524285424
Charlotte_Voice 1_original.wav,original,2.66,48000,-511.62701416015625,111.47145080566406,71.22994232177734,70.85747528076172,5.6391730308532715,35.536468505859375,21.812402725219727,24.065263748168945,10.625251770019531,17.359695434570312,3.1336352825164795,14.742388725280762,10.06970500946045,17.790328979492188,1.9529664516448975,14.296634674072266,7.455612659454346,9.768195152282715,4.177008628845215,9.484939575195312,-4.9328765869140625,12.438512802124023,1.6313807964324951,9.052267074584961,-1.2884371280670166,7.576145172119141,5193.09375,2178.2198708266487,0.021766478,0.042166945,0.0613125,2785.5864991731
Charlotte_Voice 1_pitch_up.wav,pitch_shift_+2,2.66,48000,-555.4281005859375,120.93021392822266,77.39981079101562,69.29471588134766,4.063981533050537,38.41832733154297,24.859966278076172,26.776281356811523,6.926714897155762,17.643857955932617,4.2865190505981445,18.331422805786133,9.566779136657715,15.262653350830078,0.7115949988365173,15.377771377563477,7.405166149139404,13.672205924987793,-3.224954843521118,10.32170295715332,-5.348252773284912,11.321959495544434,1.0731855630874634,9.52635669708252,-5.62808895111084,9.554291725158691,5631.46875,2303.7848658257594,0.014397272,0.026274813,0.074201171875,2943.420309632616
Charlotte_Voice 1_pitch_down.wav,pitch_shift_-2,2.66,48000,-548.125,109.7157974243164,75.5425796508789,73.4035873413086,5.6093621253967285,36.03691482543945,20.442882537841797,22.116992950439453,14.894789695739746,18.283279418945312,2.7740204334259033,13.849802017211914,10.660516738891602,18.828828811645508,3.2264788150787354,13.329737663269043,4.904335021972656,9.588454246520996,8.993204116821289,11.606822967529297,-2.448516607284546,10.560710906982422,-0.5541983842849731,7.803953170776367,1.8733980655670166,8.600384712219238,4509.09375,1918.5275901737282,0.014229248,0.02692265,0.05612890625,2388.9290591427302
Charlotte_Voice 1_faster.wav,time_stretch_1.2x,2.216666666666667,48000,-557.2108764648438,119.10626983642578,82.10328674316406,72.35059356689453,3.9791882038116455,38.18449020385742,23.847049713134766,25.282447814941406,11.040657997131348,18.127113342285156,1.885611891746521,15.745503425598145,10.372232437133789,17.57634925842285,1.2727644443511963,15.427704811096191,7.8357625007629395,10.123943328857422,4.446427345275879,9.311180114746094,-5.80617618560791,13.205623626708984,1.5882885456085205,9.174468994140625,-2.074160099029541,7.262270450592041,5135.629507211538,2177.741985149338,0.014166162,0.02583382,0.066375732421875,2766.0937672490936
Charlotte_Voice 1_slower.wav,time_stretch_0.8x,3.325,48000,-533.0987548828125,105.9494400024414,64.99602508544922,69.1568603515625,4.700615406036377,34.047245025634766,19.825252532958984,23.338926315307617,9.690667152404785,17.33452796936035,3.105928421020508,15.29550838470459,9.594491004943848,17.388507843017578,1.9011071920394897,14.060531616210938,6.943797588348389,8.82406997680664,3.7152106761932373,9.287175178527832,-5.0285258293151855,12.766389846801758,1.2477219104766846,9.041242599487305,-1.1259490251541138,7.418340682983398,5155.198317307692,2166.185179388738,0.014652591,0.028552145,0.06357515775240384,2765.4594226357062
Charlotte_Voice 1_noisy.wav,background_noise,2.66,48000,-325.66455735156217,51.298169182157096,21.25528615296959,44.32700245534255,6.284872783597568,20.9935565193405,6.659858275834653,13.057995671672563,3.5663555748440277,13.063785130427124,1.623034812496228,10.545186517765902,2.197999794311192,12.49579524540812,0.7055581590801937,8.963076944852853,2.6253820399432923,5.727944407253834,0.46688143156315687,6.700494288193807,-2.98876894998737,6.9587995936799905,-1.666146359334539,6.888903610065235,-1.2147167265706353,5.850675155118504,18089.53125,4444.182855698313,0.024815982,0.040727947,0.370876953125,10035.855848968215
Charlotte_Voice 2_original.wav,original,2.92,48000,-520.1560668945312,121.10819244384766,108.88199615478516,64.2547378540039,-11.879046440124512,56.75452423095703,26.25468635559082,24.894718170166016,12.461335182189941,18.796899795532227,-7.5656328201293945,21.900785446166992,13.906106948852539,13.458242416381836,2.036801338195801,16.539194107055664,-3.1720120906829834,14.287571907043457,1.26801598072052,9.113422393798828,-2.602757692337036,10.593679428100586,0.7059387564659119,14.2186279296875,-4.265669822692871,7.2522711753845215,4772.182937956204,2286.096755459257,0.020170871,0.025827736,0.06357813925638686,2573.4558163043985
Charlotte_Voice 2_pitch_up.wav,pitch_shift_+2,2.92,48000,-546.502197265625,125.29419708251953,102.31248474121094,61.73577880859375,-13.472227096557617,54.49372482299805,29.196130752563477,28.910402297973633,4.571556568145752,21.50068473815918,-5.073863983154297,20.353757858276367,13.629948616027832,11.835923194885254,-4.633920669555664,17.566993713378906,-2.3260791301727295,14.59310531616211,-0.6643391847610474,9.461939811706543,-3.2972848415374756,10.658058166503906,-2.297274112701416,14.390007019042969,-8.69060230255127,10.819583892822266,5230.582801094891,2487.697853301175,0.014354072,0.018196102,0.07303190579379562,2773.009705084913
Charlotte_Voice 2_pitch_down.wav,pitch_shift_-2,2.92,48000,-548.8966674804688,117.2862777709961,110.28877258300781,67.6539535522461,-8.417082786560059,53.3012580871582,22.32051658630371,21.783275604248047,18.65986442565918,18.195472717285156,-8.90815544128418,22.711034774780273,9.692258834838867,16.778837203979492,7.142946243286133,14.026588439941406,-3.4795360565185547,13.341087341308594,0.7903121709823608,12.334735870361328,-2.6198410987854004,11.911786079406738,0.21660129725933075,8.639294624328613,0.681557297706604,12.575843811035156,4143.219662408759,2015.7162154586988,0.0148815885,0.019381389,0.055182909443430656,2201.181629945194
Charlotte_Voice 2_faster.wav,time_stretch_1.2x,2.433333333333333,48000,-546.6119384765625,121.7345199584961,107.00056457519531,64.19303894042969,-12.133936882019043,53.96370315551758,25.946744918823242,24.303936004638672,11.457961082458496,18.896320343017578,-8.061200141906738,22.001646041870117,14.209738731384277,13.927303314208984,2.138213872909546,17.062847137451172,-3.660017490386963,13.658258438110352,0.4901462495326996,8.986407279968262,-3.0737295150756836,11.088603019714355,0.6430609226226807,14.326316833496094,-4.782896995544434,7.656238555908203,4786.7767467248905,2249.4462264454583,0.013416806,0.017238364,0.06324841361899564,2554.86309974152
Charlotte_Voice 2_slower.wav,time_stretch_0.8x,3.65,48000,-546.23388671875,118.51524353027344,101.47064208984375,63.91024398803711,-10.474479675292969,54.24538803100586,25.19027328491211,24.981016159057617,11.735088348388672,19.234535217285156,-7.61129093170166,21.787843704223633,12.439034461975098,13.458151817321777,1.443143367767334,16.68535041809082,-3.780505895614624,14.113035202026367,0.3086231052875519,8.950639724731445,-2.911970853805542,11.44369888305664,0.45341309905052185,13.4823637008667,-4.259629726409912,7.625974655151367,4783.504919825073,2270.9814825376116,0.012783288,0.016561937,0.0645698569606414,2563.6723734754005
Charlotte_Voice 2_noisy.wav,background_noise,2.92,48000,-318.8986914078373,48.27963496122057,23.7958010771608,39.61521812805388,2.0971267542910295,26.955242084138554,5.792946128445075,15.631489692595785,3.687536928181951,14.583873563730274,-1.5038209224929546,12.965417132173076,1.7340395029254136,7.864214190099626,0.33725212168295304,9.739953030742829,-1.9415050175299269,8.478858715258461,-2.0750468852396677,7.364674315080562,-1.3775744056214603,6.383236117489916,-0.44118097892308883,7.842198278194227,-2.7522670501694915,6.316405559604562,17984.089872262775,3671.5752285760627,0.022715732,0.024168408,0.32125163948448904,9529.343442240846
Emmanuel_Voice 1_original.wav,original,2.6853333333333333,48000,-519.8309326171875,106.24005889892578,88.96729278564453,65.86324310302734,22.646221160888672,25.22525978088379,31.585845947265625,23.582866668701172,2.9305715560913086,23.7763671875,0.7118096947669983,14.68144416809082,5.63051700592041,13.364598274230957,5.215550899505615,10.447247505187988,-0.1742427796125412,11.619159698486328,2.80810809135437,7.04060697555542,-2.289654493331909,7.60459566116333,-5.580296516418457,11.94593334197998,2.909298896789551,9.21318531036377,7132.8125,3695.6858813553886,0.016985776,0.030025117,0.05750093005952381,3447.9149182461783
Emmanuel_Voice 1_pitch_up.wav,pitch_shift_+2,2.6853333333333333,48000,-572.0675048828125,117.28231048583984,99.25361633300781,62.373741149902344,15.929058074951172,21.870399475097656,29.594749450683594,22.692001342773438,-4.173254489898682,27.041122436523438,0.496981680393219,14.807320594787598,6.003085613250732,14.486960411071777,6.132970333099365,10.145952224731445,-1.0168594121932983,8.278554916381836,2.7552742958068848,9.813881874084473,-5.78467321395874,11.760486602783203,0.5718388557434082,10.547139167785645,5.338328838348389,9.909000396728516,8038.8764880952385,3802.7499191797306,0.007893001,0.012892964,0.07461015004960317,3862.0295364030558
Emmanuel_Voice 1_pitch_down.wav,pitch_shift_-2,2.6853333333333333,48000,-557.8594970703125,101.2995376586914,89.31220245361328,65.48216247558594,21.881738662719727,28.421560287475586,33.76395797729492,24.905555725097656,7.9054856300354,20.935699462890625,-0.4681725800037384,16.061891555786133,4.030892372131348,13.762443542480469,5.68919563293457,10.602459907531738,1.684461236000061,13.27553939819336,3.4207305908203125,5.903714179992676,3.024287700653076,6.787251949310303,-6.692174434661865,13.122150421142578,-1.9574403762817383,7.637145519256592,6159.133184523809,3267.558813229654,0.011840242,0.021535628,0.058826264880952384,3009.0269543894906
Emmanuel_Voice 1_faster.wav,time_stretch_1.2x,2.2377708333333333,48000,-546.2241821289062,99.52616882324219,80.35777282714844,65.8898696899414,22.605924606323242,25.423269271850586,29.35637092590332,22.488189697265625,1.8044320344924927,22.600830078125,-0.4188116192817688,15.127246856689453,5.816147804260254,14.592496871948242,4.507559299468994,11.31876277923584,0.09426124393939972,11.661690711975098,3.5420238971710205,7.004726886749268,-2.0410263538360596,8.064355850219727,-5.730681419372559,11.163503646850586,3.337644100189209,9.264310836791992,7172.098214285715,3695.0890362601103,0.011139298,0.020651793,0.06576450892857143,3482.6078718404883
Emmanuel_Voice 1_slower.wav,time_stretch_0.8x,3.3566666666666665,48000,-544.8187255859375,98.5028076171875,80.39418029785156,65.33576965332031,23.47688102722168,23.97260284423828,29.90632438659668,23.819963455200195,2.8653955459594727,22.39672088623047,0.4304729998111725,14.705617904663086,6.112033367156982,13.376133918762207,4.4030256271362305,11.16654109954834,0.08477221429347992,11.87314224243164,3.192253828048706,6.24662446975708,-2.5419411659240723,8.32888412475586,-5.847545623779297,11.787696838378906,2.8029792308807373,9.231709480285645,7054.761904761905,3724.4509583897784,0.012324532,0.022289006,0.0665132068452381,3418.2385210178377
Emmanuel_Voice 1_noisy.wav,background_noise,2.6853333333333333,48000,-327.6778500074629,40.96767422045075,23.01787769418541,43.19090513412042,14.763347605286185,23.49040888028047,12.161358465790498,14.604411172932545,2.075741834625812,10.40047653241505,-1.6530395679725483,9.454316802674583,0.6324865878763893,9.537232740676691,-1.3294666123831327,8.829125337756444,-1.1176071845016629,7.197849305272749,1.5548660235548082,5.189785733813968,-1.6860464599233491,7.013518743126435,-3.458628637908222,8.670869831975283,-0.8160994180292939,7.11731404181192,18603.701636904763,3029.7352428050076,0.019815663,0.028650502,0.3590359157986111,10023.423928874023
Emmanuel_Voice 2_original.wav,original,3.026666666666667,48000,-501.0350036621094,119.33207702636719,115.72001647949219,80.48538970947266,22.926427841186523,28.74779510498047,21.602270126342773,23.070276260375977,5.041548728942871,23.570585250854492,1.776267170906067,15.302085876464844,-2.395676374435425,13.868902206420898,6.193747043609619,9.64127254486084,3.4834654331207275,8.86959171295166,3.605607748031616,8.397932052612305,-2.0783631801605225,10.140807151794434,-4.638071537017822,11.32225227355957,3.5689706802368164,8.385638236999512,5884.875660211268,4044.0172494365315,0.021835318,0.032975152,0.04770026408450704,2838.4736707168377
Emmanuel_Voice 2_pitch_up.wav,pitch_shift_+2,3.026666666666667,48000,-534.6852416992188,124.75919342041016,114.31834411621094,77.91592407226562,19.865550994873047,27.310518264770508,17.90272331237793,23.196212768554688,0.0952015221118927,24.884706497192383,0.49252888560295105,15.505741119384766,-0.4748772084712982,12.861795425415039,8.447355270385742,9.86026382446289,2.4868178367614746,8.914637565612793,2.6889355182647705,8.684379577636719,-5.047841548919678,12.54555606842041,1.630421757698059,9.078371047973633,6.7275543212890625,7.927265167236328,6664.50264084507,4291.790593278571,0.014339407,0.02155235,0.059271154269366196,3187.1358665057605
Emmanuel_Voice 2_pitch_down.wav,pitch_shift_-2,3.026666666666667,48000,-534.2779541015625,112.14868927001953,110.18053436279297,78.90800476074219,25.687623977661133,32.11976623535156,23.885669708251953,22.82002830505371,6.166862964630127,21.157840728759766,2.2881276607513428,14.96738338470459,-2.8624966144561768,15.928793907165527,3.0532102584838867,9.931354522705078,4.474503517150879,8.956138610839844,4.6838274002075195,7.098982810974121,3.3547353744506836,8.004972457885742,-5.72193717956543,12.069074630737305,-1.2050621509552002,7.962111949920654,5241.252200704225,3577.0309653102995,0.0150189735,0.023403008,0.047003947513204226,2530.9056031598197
Emmanuel_Voice 2_faster.wav,time_stretch_1.2x,2.5222291666666665,48000,-533.3286743164062,119.64207458496094,115.11952209472656,78.08440399169922,23.833593368530273,28.64968490600586,22.217124938964844,23.549144744873047,2.8612818717956543,24.429710388183594,1.3330013751983643,14.954001426696777,-2.891566038131714,14.525909423828125,5.386197566986084,10.518377304077148,2.8082985877990723,9.081755638122559,3.5609397888183594,8.908209800720215,-2.3222596645355225,10.21426010131836,-4.8016743659973145,10.871625900268555,3.9258012771606445,8.480840682983398,5791.435917721519,3986.1080236149,0.015110868,0.023310142,0.04810909480485232,2787.464659094019
Emmanuel_Voice 2_slower.wav,time_stretch_0.8x,3.783333333333333,48000,-534.7808227539062,118.21868896484375,112.66259002685547,78.69384765625,23.26839256286621,28.407703399658203,21.762496948242188,23.19902992248535,4.087189197540283,23.36661720275879,1.8889929056167603,15.130277633666992,-2.398844003677368,14.6434965133667,6.503906726837158,9.61186695098877,4.372405052185059,9.413453102111816,4.526705265045166,9.013528823852539,-1.6915867328643799,10.24741268157959,-4.260139465332031,11.366769790649414,4.349066257476807,8.420235633850098,5875.286091549296,4034.413050268164,0.01498868,0.022720383,0.048980798855633806,2820.663707167373
Emmanuel_Voice 2_noisy.wav,background_noise,3.026666666666667,48000,-314.5147921120701,49.46789840584892,38.50221208659527,52.779458412320444,20.504762042253276,26.55276942817785,9.147995087672946,13.777004016945364,-0.39126663771030346,12.552453930430383,-3.2261928640922912,12.250091284575477,-1.7910969133314454,9.505300818702578,-0.30110780185191005,6.849133555678266,1.4263510424231554,6.432323875875957,0.8325373418522655,6.780850738048201,-1.8987164971561383,8.307141993241414,-2.1631409779058584,8.084198669453656,0.8400940549619212,6.612979001743555,17815.801056338027,4120.582557694156,0.024179721,0.031688202,0.3191949548855634,9353.858413712318
Honorine_Voice 1_original.wav,original,2.388,48000,-388.27850341796875,61.28325271606445,132.7613525390625,45.24707794189453,23.2161922454834,20.40840721130371,29.354623794555664,18.047351837158203,-9.029769897460938,18.46219253540039,38.018699645996094,23.832416534423828,-26.15353775024414,22.972877502441406,16.389293670654297,10.494292259216309,-8.36659049987793,8.729065895080566,8.248820304870605,8.366628646850586,-2.0702109336853027,9.254663467407227,0.9711923599243164,9.086978912353516,0.7368322610855103,5.460346221923828,7775.390625,4611.681226837709,0.024250159,0.02124451,0.10112653459821429,3911.9441917688696
Honorine_Voice 1_pitch_up.wav,pitch_shift_+2,2.388,48000,-416.0439758300781,58.6325798034668,128.36033630371094,45.798492431640625,26.442445755004883,22.03711700439453,19.90827751159668,15.817899703979492,-1.6915205717086792,15.611836433410645,27.65699577331543,19.286575317382812,-28.0140380859375,24.216293334960938,20.769634246826172,10.45942211151123,-13.906293869018555,8.878368377685547,13.566373825073242,10.526952743530273,-9.763970375061035,11.565680503845215,7.915133953094482,7.615050315856934,-6.492533206939697,7.866594314575195,8861.049107142857,5184.363717820303,0.01628924,0.013191271,0.11798095703125,4438.767703223634
Honorine_Voice 1_pitch_down.wav,pitch_shift_-2,2.388,48000,-428.2893371582031,54.54449462890625,132.31483459472656,43.53160858154297,21.890178680419922,19.54758071899414,35.559391021728516,21.335729598999023,-13.333989143371582,19.968067169189453,41.60174560546875,26.111568450927734,-17.33268928527832,17.852447509765625,6.213414192199707,11.864853858947754,0.7860531210899353,7.4019455909729,-1.9583255052566528,6.3731608390808105,6.707132816314697,7.968002796173096,-5.489356994628906,10.800342559814453,7.0951385498046875,8.683951377868652,6893.659319196428,4093.2131352992933,0.016332526,0.013751949,0.09641810825892858,3508.9426704216116
Honorine_Voice 1_faster.wav,time_stretch_1.2x,1.99,48000,-423.4247131347656,57.045955657958984,135.01345825195312,45.080970764160156,20.006338119506836,19.46312713623047,31.51882553100586,18.1771240234375,-12.51415729522705,17.557748794555664,39.586265563964844,24.12529945373535,-29.615724563598633,22.514610290527344,17.16564178466797,11.127102851867676,-10.420862197875977,8.360198020935059,8.655180931091309,8.87960147857666,-2.5939204692840576,9.641666412353516,0.8769067525863647,10.05225658416748,0.8726403713226318,5.609892845153809,8055.982620320856,4497.704081213309,0.015068839,0.01145631,0.1086099390040107,4009.5405025454784
Honorine_Voice 1_slower.wav,time_stretch_0.8x,2.985,48000,-422.38140869140625,58.9067268371582,127.4791259765625,45.25676727294922,25.688615798950195,19.638784408569336,26.320589065551758,18.849735260009766,-7.245271682739258,18.4073486328125,35.76251220703125,24.58554458618164,-25.76590919494629,23.00472068786621,14.572813034057617,10.870676040649414,-7.467937469482422,9.128216743469238,7.658103942871094,8.329554557800293,-1.450214147567749,9.873188972473145,0.9569845199584961,9.541021347045898,0.36219504475593567,5.758881092071533,7954.6875,4583.576905223011,0.015141251,0.01207836,0.10974469866071429,4003.1972992481296
Honorine_Voice 1_noisy.wav,background_noise,2.388,48000,-289.60381880635,30.944154083226,54.26490432140666,34.0721425133059,36.25451081663705,12.940718903906085,18.036122439059206,12.138094723789699,9.0310201481217,13.042103543126775,12.959576212378604,15.131986426643195,-3.1925725743324684,13.016474546450436,2.285496095932972,10.268010043762263,0.8832019604737701,5.681445843535767,3.122362720616267,6.095326227884551,0.7959918335777132,7.353310690823223,-0.445970537826085,7.685068783988849,0.2928999675878125,5.148679408703193,17456.229073660714,2331.00676995078,0.02517438,0.020750966,0.21525355747767858,8670.68837046993
Honorine_Voice 2_original.wav,original,2.3026666666666666,48000,-344.1259460449219,81.95267486572266,146.40232849121094,40.295406341552734,15.59607982635498,27.147911071777344,21.272598266601562,24.439699172973633,-11.477095603942871,15.944329261779785,38.22545623779297,13.710702896118164,-19.992931365966797,15.169482231140137,12.687653541564941,13.71458911895752,-15.269177436828613,15.422528266906738,13.071295738220215,10.698531150817871,2.434565305709839,8.073546409606934,2.5371713638305664,7.578191757202148,4.340810298919678,6.310441970825195,6496.09375,4606.038031150095,0.03609124,0.024927035,0.09674976490162036,3613.486911483249
Honorine_Voice 2_pitch_up.wav,pitch_shift_+2,2.3026666666666666,48000,-370.2790222167969,81.67886352539062,138.21726989746094,41.59280776977539,18.452619552612305,25.24888801574707,11.207653045654297,23.188467025756836,-1.0115753412246704,14.655709266662598,28.113069534301758,10.666958808898926,-21.24416732788086,15.902811050415039,12.356544494628906,13.175865173339844,-12.922480583190918,13.105412483215332,22.05643653869629,15.70960521697998,-6.90339994430542,11.654215812683105,7.753699779510498,7.433139324188232,-5.692270278930664,7.709217071533203,7281.467013888889,5255.529323240896,0.026472341,0.01874584,0.10967565465856481,4075.4917057295747
Honorine_Voice 2_pitch_down.wav,pitch_shift_-2,2.3026666666666666,48000,-388.4260559082031,76.08287811279297,149.22015380859375,38.98336410522461,12.42311954498291,28.789350509643555,29.582551956176758,26.93282127380371,-19.93124771118164,15.806732177734375,41.68610763549805,15.9741849899292,-12.091446876525879,13.917096138000488,9.370936393737793,12.017175674438477,-8.097007751464844,13.857015609741211,-2.7415614128112793,7.038632869720459,12.220464706420898,10.81823444366455,-5.4588236808776855,9.340229988098145,11.570818901062012,7.433360576629639,6029.296875,4131.256137368187,0.024230417,0.017213589,0.09047896773726852,3299.8992355713035
Honorine_Voice 2_faster.wav,time_stretch_1.2x,1.9188958333333332,48000,-379.5940246582031,79.78057098388672,145.6759796142578,38.50466537475586,15.210408210754395,26.623512268066406,22.008113861083984,24.986499786376953,-13.027311325073242,15.478224754333496,39.08877182006836,13.755352020263672,-21.623868942260742,15.600973129272461,12.826676368713379,13.798439979553223,-17.51618766784668,15.684099197387695,12.957590103149414,10.91121768951416,2.1331965923309326,7.439642906188965,2.0466039180755615,7.532923221588135,4.219992637634277,6.609702110290527,6702.864583333333,4680.9563628862925,0.024333296,0.015842946,0.10152994791666667,3705.7720620833857
Honorine_Voice 2_slower.wav,time_stretch_0.8x,2.8783333333333334,48000,-377.9989013671875,79.14266967773438,138.9355010986328,39.88201141357422,18.729806900024414,26.59894561767578,18.92584228515625,25.234973907470703,-8.00210952758789,15.158655166625977,35.525146484375,14.25497817993164,-18.26592445373535,15.330280303955078,10.526829719543457,13.551047325134277,-15.073153495788574,15.74039077758789,12.63921070098877,10.225622177124023,3.305874824523926,8.417162895202637,1.9221075773239136,8.620159149169922,3.428720712661743,6.687548637390137,6738.020833333333,4549.115165031792,0.023997862,0.017068619,0.10215024594907407,3681.634536083806
Honorine_Voice 2_noisy.wav,background_noise,2.3026666666666666,48000,-261.2943586187557,43.706400825460406,73.24829251654045,36.89313195564238,32.92776202217653,16.923306457552005,13.091745317564028,16.910259735480647,7.515759493567585,11.236486080701502,13.795086111006231,8.411079886231489,-1.2069267340527658,9.164728970652057,0.43895970549622954,12.410127784619291,-5.273546013741751,10.866278117858837,6.385563565246392,8.020507788557428,5.34545589676983,6.460285983331691,2.270990777449695,7.132946324521612,2.284110600498622,5.387254662316943,15960.9375,2896.3897682768193,0.036764532,0.024399197,0.17442039207175927,7475.605653139867
